titre,titre_origine,score,genre,annee,duree,description,acteurs,public,pays
Nathan for You,,8.9,"['Documentary', 'Comedy']",2013–2017,30m,"Nathan Fielder uses his business degree and life experiences to help real small businesses turn a profit. But because of his unorthodox approach, Nathan's genuine efforts to do good often draw real people into an experience far beyond what they signed up for.","['Nathan Fielder', 'Anthony Filosa', 'Salomon Flores']",TV-14,United States
Cowboy Bebop,Original title: Kaubôi bibappu: Cowboy Bebop,8.9,"['Animation', 'Action', 'Adventure']",1998–1999,24m,The futuristic misadventures and tragedies of an easygoing bounty hunter and his partners.,"['Kôichi Yamadera', 'Unshô Ishizuka', 'Megumi Hayashibara']",TV-14,Japan
Apocalypse: The Second World War,Original title: Apocalypse: La 2ème guerre mondiale,9.0,"['Documentary', 'History', 'War']",2009,5h 12m,"This six-part series traces the Second World War, from the rise of the Nazis to the surrender of the Japanese, with detailed portraits of key figures.",[],TV-MA,France
Gravity Falls,,8.9,"['Animation', 'Adventure', 'Comedy']",2012–2016,23m,"Twin siblings Dipper and Mabel Pines spend the summer at their great-uncle's tourist trap in the enigmatic Gravity Falls, Oregon.","['Jason Ritter', 'Alex Hirsch', 'Kristen Schaal']",TV-Y7,United States
Planet Earth II,,9.5,['Documentary'],2016,4h 58m,David Attenborough returns with a new wildlife documentary that shows life in a variety of habitats.,"['David Attenborough', 'Gordon Buchanan', 'Chadden Hunter']",TV-G,United Kingdom
When They See Us,,8.9,"['Biography', 'Crime', 'Drama']",2019,4h 56m,Five teens from Harlem become trapped in a nightmare when they're falsely accused of a brutal attack in Central Park. Based on the true story.,"['Asante Blackk', 'Caleel Harris', 'Ethan Herisse']",TV-MA,United States
Friends,,8.9,"['Comedy', 'Romance']",1994–2004,22m,Follows the personal and professional lives of six twenty to thirty year-old friends living in the Manhattan borough of New York City.,"['Jennifer Aniston', 'Courteney Cox', 'Lisa Kudrow']",TV-14,United States
Last Week Tonight with John Oliver,,8.9,"['Comedy', 'News', 'Talk-Show']",2014– ,30m,Former Daily Show host and correspondent John Oliver brings his persona to this weekly news satire program.,"['John Oliver', 'David Kaye', 'Ryan Barger']",TV-MA,United States
The Beatles: Get Back,,9.0,"['Documentary', 'Biography', 'Music']",2021,7h 48m,Documentary about the music group The Beatles featuring in-studio footage that was shot in early 1969 for the 1970 feature film 'Let It Be.',[],PG-13,United Kingdom
Persona,Original title: Sahsiyet,9.0,"['Crime', 'Drama', 'Mystery']",2018,1h 5m,A man diagnosed with Alzheimer's decides to punish criminals.,"['Haluk Bilginer', 'Cansu Dere', 'Metin Akdülger']",TV-MA,Turkey
Dekalog,,9.0,['Drama'],1989–1990,9h 32m,"Ten television drama films, each one based on one of the Ten Commandments.","['Artur Barcis', 'Olgierd Lukaszewicz', 'Olaf Lubaszenko']",TV-MA,Poland
Fargo,,8.9,"['Crime', 'Drama', 'Thriller']",2014–2023,53m,"Various chronicles of deception, intrigue and murder in and around frozen Minnesota. Yet all of these tales mysteriously lead back one way or another to Fargo, North Dakota.","['Billy Bob Thornton', 'Martin Freeman', 'Allison Tolman']",TV-MA,United States
Seinfeld,,8.9,['Comedy'],1989–1998,22m,The continuing misadventures of neurotic New York City stand-up comedian Jerry Seinfeld and his equally neurotic New York City friends.,"['Jerry Seinfeld', 'Julia Louis-Dreyfus', 'Michael Richards']",TV-PG,United States
True Detective,,8.9,"['Crime', 'Drama', 'Mystery']",2014– ,55m,"Seasonal anthology series in which police investigations unearth the personal and professional secrets of those involved, both within and outside the law.","['Vince Vaughn', 'Colin Farrell', 'Rachel McAdams']",TV-MA,United States
The Civil War,,9.1,"['Documentary', 'History', 'War']",1990,11h 20m,A comprehensive survey of the American Civil War.,"['David McCullough', 'Sam Waterston', 'Julie Harris']",TV-14,United States
Hunter x Hunter,,9.0,"['Animation', 'Action', 'Adventure']",2011–2014,24m,"Gon Freecss aspires to become a Hunter, an exceptional being capable of greatness. With his friends and his potential, he seeks out his father, who left him when he was younger.","['Issei Futamata', 'Megumi Han', 'Cristina Valenzuela']",TV-14,Japan
Black Books,,8.5,['Comedy'],2000–2004,25m,"Bernard Black runs a book shop, though his customer service skills leave something to be desired. He hires Manny as an employee. Fran runs the shop next door. Between the three of them many adventures ensue.","['Dylan Moran', 'Bill Bailey', 'Tamsin Greig']",TV-PG,United Kingdom
The Defiant Ones,,8.5,"['Documentary', 'Biography', 'Crime']",2017,1h,"""The Defiant Ones"" examines the partnership between Jimmy Iovine and Dr. Dre - one the son of a Brooklyn longshoreman, the other straight out of Compton - and their leading roles in a chain of transformative events in contemporary culture.","['Stevie Nicks', 'Bono', 'Tom Petty']",TV-MA,United States
Gintama,,8.7,"['Animation', 'Action', 'Comedy']",2005–2021,25m,"In an era where aliens have invaded and taken over feudal Tokyo, an unemployed samurai finds work however he can.","['Tomokazu Sugita', 'Daisuke Sakaguchi', 'Rie Kugimiya']",TV-14,Japan
It's Okay to Not Be Okay,Original title: Saikojiman Gwaenchanha,8.6,"['Comedy', 'Drama', 'Romance']",2020,1h 20m,An extraordinary road to emotional healing opens up for an selfish antisocial children's book writer and a selfless psych ward caretaker when they cross paths.,"['Kim Soo-hyun', 'Seo Ye-Ji', 'Oh Jung-se']",TV-MA,South Korea
The Knick,,8.5,"['Drama', 'History']",2014–2015,58m,A look at the professional and personal lives of the staff at New York's Knickerbocker Hospital during the early part of the twentieth century.,"['André Holland', 'Clive Owen', 'Jeremy Bobb']",TV-MA,United States
Southland,,8.5,"['Crime', 'Drama', 'Thriller']",2009–2013,42m,The lives of Police Officers working for the Los Angeles Police Department.,"['Michael Cudlitz', 'Shawn Hatosy', 'Regina King']",TV-MA,United States
Big Little Lies,,8.5,"['Crime', 'Drama', 'Mystery']",2017–2019,1h,The apparently-perfect lives of upper-class mothers of students at a prestigious elementary school unravel to the point of murder when a single mother moves to their quaint California beach town.,"['Reese Witherspoon', 'Nicole Kidman', 'Shailene Woodley']",TV-MA,United States
Avrupa Yakasi,,8.6,['Comedy'],2004–2009,,The life and times of the rather traditional Sutcuoglu family and their comedic struggles to adapt the high-profile contemporary life of Nisantasi.,"['Gülse Birsel', 'Levent Üzümcü', 'Senay Gürler']",,Turkey
Foyle's War,,8.6,"['Crime', 'Drama', 'Mystery']",2002–2015,1h 30m,"As WWII rages, DCS Foyle fights his own war on the home-front; investigating crime on the south coast of England. Later series, see the retired detective working as an MI5 agent in the aftermath of the war.","['Michael Kitchen', 'Honeysuckle Weeks', 'Anthony Howell']",TV-14,United Kingdom
The Angry Video Game Nerd,,8.5,['Comedy'],2004– ,35m,A foul-mouthed nerd reviews bad video games.,"['James Rolfe', 'Mike Matei', 'Kyle Rogers']",TV-MA,United States
Your Lie in April,Original title: Shigatsu wa kimi no uso,8.6,"['Animation', 'Comedy', 'Drama']",2014–2018,23m,A piano prodigy who lost his ability to play after suffering a traumatic event in his childhood is forced back into the spotlight by an eccentric girl with a secret of her own.,"['Natsuki Hanae', 'Risa Taneda', 'Ayane Sakura']",TV-PG,Japan
Generation Kill,,8.5,"['Drama', 'War']",2008,1h 10m,"A Rolling Stone reporter, embedded with The 1st Recon Marines chronicles his experiences during the first wave of the American-led assault on Baghdad in 2003.","['Alexander Skarsgård', 'James Ransone', 'Lee Tergesen']",TV-MA,United States
The Night Of,,8.5,"['Crime', 'Drama', 'Mystery']",2016,8h 45m,"After a night of partying with a woman he picked up, a man wakes up to find her stabbed to death and is charged with her murder.","['Riz Ahmed', 'John Turturro', 'Bill Camp']",TV-MA,United States
Derry Girls,,8.5,['Comedy'],2018–2022,30m,The personal exploits of a 16-year-old girl and her family and friends during the Troubles in the early 1990s in Northern Ireland.,"['Saoirse-Monica Jackson', 'Louisa Harland', ""Tara Lynne O'Neill""]",TV-MA,United Kingdom
My Brilliant Friend,Original title: L'amica geniale,8.6,['Drama'],2018– ,1h,A woman recounts the lifelong friendship and conflicts with a girl she met at primary school in Naples during the early 1950s.,"['Alba Rohrwacher', 'Margherita Mazzucco', 'Gaia Girace']",TV-MA,Italy
Alfred Hitchcock Presents,,8.5,"['Comedy', 'Crime', 'Drama']",1955–1962,25m,"Series of unrelated short stories covering elements of crime, horror, drama, and comedy about people of different backgrounds committing murders, suicides, thefts, and other sorts of crime caused by certain motivations, perceived or not.","['Alfred Hitchcock', 'Harry Tyler', 'John Williams']",TV-14,United States
Cobra Kai,,8.5,"['Action', 'Comedy', 'Drama']",2018–2023,30m,"Decades after their 1984 All Valley Karate Tournament bout, a middle-aged Daniel LaRusso and Johnny Lawrence find themselves martial-arts rivals again.","['Ralph Macchio', 'William Zabka', 'Courtney Henggeler']",TV-14,United States
Regular Show,,8.5,"['Animation', 'Action', 'Adventure']",2009–2017,23m,The daily surreal adventures of a blue jay and raccoon duo that attempt to deal with their mundane jobs as groundskeepers at the local park.,"['J.G. Quintel', 'William Salyers', 'Sam Marin']",TV-PG,United States
Community,,8.5,['Comedy'],2009–2015,22m,A suspended lawyer is forced to enroll in a community college with an eccentric staff and student body.,"['Joel McHale', 'Danny Pudi', 'Donald Glover']",TV-14,United States
Chef's Table,,8.5,['Documentary'],2015–2019,50m,"Chef's Table goes inside the lives and kitchens of six of the world's most renowned international chefs. Each episode focuses on a single chef and their unique look at their lives, talents and passion from their piece of culinary heaven.","['Bill Buford', 'Massimo Bottura', 'Francis Mallmann']",TV-MA,United States
Jujutsu Kaisen,,8.5,"['Animation', 'Action', 'Adventure']",2020– ,24m,A boy swallows a cursed talisman - the finger of a demon - and becomes cursed himself. He enters a shaman's school to be able to locate the demon's other body parts and thus exorcise himself.,"['Junya Enoki', 'Adam McArthur', 'Yûichi Nakamura']",TV-MA,Japan
The Expanse,,8.5,"['Drama', 'Mystery', 'Sci-Fi']",2015–2022,1h,"In the 24th century, a group of humans untangle a vast plot which threatens the Solar System's fragile state of detente.","['Daniel Abraham', 'Mark Fergus', 'Ty Franck', 'Steven Strait', 'Dominique Tipper', 'Wes Chatham']",TV-14,United States
Umbre,,8.7,"['Crime', 'Drama', 'Thriller']",2014–2019,45m,"Umbre follows Relu, an enforcer for a small-time mob boss, as he struggles to keep his family in the dark about his job. The secrets Relu keeps become increasingly oppressive and the lies begin to surface.","['Serban Pavlu', 'Maria Obretin', 'Andreea Vasile']",TV-MA,Romania
Rocket Boys,,8.9,"['Drama', 'History']",2022– ,,"The story of two extraordinary men, Dr. Homi Jehangir Bhabha and Dr. Vikram Ambalal Sarabhai, who created history while building India's future.","['Jim Sarbh', 'Saba Azad', 'Regina Cassandra']",,India
Hannibal,,8.5,"['Crime', 'Drama', 'Horror']",2013–2015,44m,Explores the early relationship between renowned psychiatrist Hannibal Lecter and a young FBI criminal profiler who is haunted by his ability to empathize with serial killers.,"['Hugh Dancy', 'Mads Mikkelsen', 'Caroline Dhavernas']",TV-MA,United States
Rurouni Kenshin: Trust and Betrayal,Original title: Rurouni Kenshin: Meiji Kenkaku Romantan: Tsuioku Hen,8.6,"['Animation', 'Action', 'Adventure']",1999,1h 58m,"In the era of Japan's Meiji Restoration, an assassin regains his humanity.","['Mayo Suzukaze', 'Junko Iwao', 'Nozomu Sasaki']",TV-MA,Japan
Happy Valley,,8.5,"['Crime', 'Drama', 'Thriller']",2014–2023,58m,Yorkshire-based crime drama centering on the personal and professional life of Police Sergeant Catherine Cawood.,"['Sarah Lancashire', 'Siobhan Finneran', 'James Norton']",TV-MA,United Kingdom
Schitt's Creek,,8.5,['Comedy'],2015–2020,22m,"After being a victim of fraud, Johnny Rose and his family go from extremely wealthy to penniless overnight. The only asset left to them is a small, unsophisticated town: Schitt's Creek. They relocate there. Culture shock ensues.","['Eugene Levy', ""Catherine O'Hara"", 'Dan Levy']",TV-14,Canada
Spartacus: Gods of the Arena,,8.5,"['Action', 'Adventure', 'Biography']",2011,5h 31m,"In the time before the arrival of Spartacus, the House of Batiatus faces many challenges from competitors, and within its own household.","['John Hannah', 'Manu Bennett', 'Peter Mensah']",TV-MA,United States
From the Earth to the Moon,,8.6,"['Action', 'Drama', 'History']",1998,1h,Dramatized portrayal of the Apollo manned space program.,"['Tom Hanks', 'Nick Searcy', 'Lane Smith']",TV-14,United States
Wentworth,,8.6,"['Crime', 'Drama', 'Thriller']",2013–2021,45m,The confronting look into the lives of the inmates and prison staff of Wentworth Correctional Centre as they navigate the ups and downs of their lives in the prison system.,"['Kate Atkinson', 'Katrina Milosevic', 'Robbie Magasiva']",TV-MA,Australia
Fullmetal Alchemist,Original title: Hagane no renkinjutsushi,8.5,"['Animation', 'Action', 'Adventure']",2003–2004,24m,"When a failed alchemical ritual leaves brothers Edward and Alphonse Elric with severely damaged bodies, they begin searching for the one thing that can save them: the fabled philosopher's stone.","['Vic Mignogna', 'Aaron Dismuke', 'Romi Park']",TV-PG,Japan
Silicon Valley,,8.5,['Comedy'],2014–2019,28m,"Follows the struggle of Richard Hendricks, a Silicon Valley engineer trying to build his own company called Pied Piper.","['Thomas Middleditch', 'T.J. Miller', 'Josh Brener']",TV-MA,United States
Futurama,,8.5,"['Animation', 'Adventure', 'Comedy']",1999–2023,22m,"Philip J. Fry, a pizza delivery boy, is accidentally frozen in 1999 and thawed out on New Year's Eve 2999.","['Billy West', 'John DiMaggio', 'Katey Sagal']",TV-14,United States
Mr Inbetween,,8.6,"['Crime', 'Drama']",2018–2021,30m,"Ray Shoesmith is a father, ex-husband, boyfriend, brother and best friend, tough roles to juggle in the modern age. Especially when you're also a criminal for hire.","['Scott Ryan', 'Chika Yasumura', 'Justin Rosniak']",TV-MA,Australia
Twin Peaks,,8.5,"['Crime', 'Drama', 'Horror']",2017,1h,Picks up 25 years after the inhabitants of a quaint northwestern town are stunned when their homecoming queen is murdered.,"['Kyle MacLachlan', 'Sheryl Lee', 'Michael Horse']",TV-MA,United States
Skam,,8.6,"['Drama', 'Romance']",2015–2017,30m,"The story of young teenagers and pupils on Hartvig Nissens upper secondary school in Oslo, and their troubles, scandals and everyday life. Each season is told from a different person's point of view.","['Josefine Frida Pettersen', 'Iman Meskini', 'Ulrikke Falch']",Not Rated,Norway
Brass Eye,,8.6,['Comedy'],1997–2001,25m,"Controversal spoof of current affairs television, and the role of celebrity in the UK.","['Christopher Morris', 'Mark Heap', 'Kevin Eldon']",TV-MA,United Kingdom
North & South,,8.6,"['Drama', 'Romance']",2004,3h 55m,"North and South is a four part adaptation of Elizabeth Gaskell's love story of Margaret Hale, a middle class southerner who is forced to move to the northern town of Milton.","['Daniela Denby-Ashe', 'Richard Armitage', 'Tim Pigott-Smith']",TV-PG,United Kingdom
Westworld,,8.5,"['Drama', 'Mystery', 'Sci-Fi']",2016–2022,1h 2m,"At the intersection of the near future and the reimagined past, waits a world in which every human appetite can be indulged without consequence.","['Evan Rachel Wood', 'Jeffrey Wright', 'Ed Harris']",TV-MA,United States
Neon Genesis Evangelion,Original title: Shin seiki evangerion,8.5,"['Animation', 'Action', 'Drama']",1995–1996,24m,A teenage boy finds himself recruited as a member of an elite team of pilots by his father.,"['Megumi Ogata', 'Megumi Hayashibara', 'Kotono Mitsuishi']",TV-MA,Japan
Extraordinary Attorney Woo,Original title: I-sang-han byeon-ho-sa U-yeong-u,8.7,['Drama'],2022,1h 15m,"Due to her 164 I.Q., impressive memory and creative thought process, autistic 27-year-old lawyer Woo Young Woo graduated at the top of her class from a prestigious law school.","['Park Eun-bin', 'Kang Tae-oh', 'Kang Ki-young']",TV-14,South Korea
Trailer Park Boys,,8.6,"['Comedy', 'Crime']",2001–2018,30m,Three petty felons have a documentary made about their life in a trailer park.,"['John Paul Tremblay', 'Robb Wells', 'Mike Smith']",TV-MA,Canada
Sons of Anarchy,,8.6,"['Crime', 'Drama', 'Thriller']",2008–2014,45m,A biker struggles to balance being a father and being involved in an outlaw motorcycle club.,"['Charlie Hunnam', 'Katey Sagal', 'Mark Boone Junior']",TV-MA,United States
Detectorists,,8.6,['Comedy'],2014–2022,30m,"The lives of two eccentric metal detectorists, who spend their days plodding along ploughed tracks and open fields, hoping to disturb the tedium by unearthing the fortune of a lifetime.","['Mackenzie Crook', 'Toby Jones', 'Rachael Stirling']",TV-14,United Kingdom
Spartacus,Original title: Spartacus: Blood and Sand,8.5,"['Action', 'Adventure', 'Biography']",2010–2013,55m,"The life of Spartacus, the gladiator who lead a rebellion against the Romans. From his time as an ally of the Romans, to his betrayal and becoming a gladiator, to the rebellion he leads and its ultimate outcome.","['Andy Whitfield', 'Lucy Lawless', 'Manu Bennett']",TV-MA,United States
Shameless,,8.6,"['Comedy', 'Drama']",2011–2021,46m,"A scrappy, feisty, fiercely loyal Chicago family makes no apologies.","['Emmy Rossum', 'William H. Macy', 'Ethan Cutkosky']",TV-MA,United States
Mob Psycho 100,,8.6,"['Animation', 'Action', 'Comedy']",2016–2022,24m,"A psychic middle school boy tries to live a normal life and keep his growing powers under control, even though he constantly gets into trouble.","['Setsuo Ito', 'Takahiro Sakurai', 'Chris Niosi']",TV-14,Japan
Endeavour,,8.6,"['Crime', 'Drama', 'Mystery']",2012–2023,1h 29m,"Set from 1965 into the 1970s, the show follows Endeavour Morse in his early years as a police constable. Working alongside his senior partner DI Fred Thursday, Morse engages in a number of investigations around Oxford.","['Shaun Evans', 'Roger Allam', 'James Bradshaw']",TV-14,United Kingdom
Doctor Who,,8.6,"['Adventure', 'Drama', 'Sci-Fi']",2005– ,45m,The further adventures in time and space of the alien adventurer known as the Doctor and their companions from planet Earth.,"['Jodie Whittaker', 'Peter Capaldi', 'Pearl Mackie']",TV-PG,United Kingdom
Ezel,,8.7,"['Crime', 'Drama', 'Thriller']",2009–2011,1h 30m,"Betrayed by his trusted friends and the woman he loved, Ömer Uçar returns as Ezel to exact his vengeance.","['Kenan Imirzalioglu', 'Cansu Dere', 'Yigit Özsener']",TV-14,Turkey
Samurai Jack,,8.5,"['Animation', 'Action', 'Adventure']",2001–2017,25m,"A samurai, sent through time, fights to return home and save the world.","['Phil LaMarr', 'Mako', 'Kevin Michael Richardson']",TV-MA,United States
Through the Wormhole,,8.6,['Documentary'],2010–2017,1h,"Hosted by Morgan Freeman, Through the Wormhole will explore the deepest mysteries of existence - the questions that have puzzled mankind for eternity. What are we made of? What was there before the beginning? Are we really alone? Is there a creator? These questions have been pond...","['Morgan Freeman', 'Sean Carroll', 'Michio Kaku']",TV-PG,United States
Letterkenny,,8.7,['Comedy'],2016– ,30m,"Quick-witted, fast-paced snappy comedy about rural folk getting by in a small town.","['Jared Keeso', 'Nathan Dales', 'Michelle Mylett']",TV-MA,Canada
The Rehearsal,,8.6,"['Documentary', 'Comedy']",2022– ,30m,Nathan Fielder gives people a chance to rehearse for their own lives in a world where nothing ever works out as expected.,"['Nathan Fielder', 'Journey Baker', 'Anna Lamadrid']",TV-MA,United States
The Family Man,,8.7,"['Action', 'Comedy', 'Drama']",2019– ,45m,"A working man from the National Investigation Agency tries to protect the nation from terrorism, but he also needs to keep his family safe from his secret job.","['Manoj Bajpayee', 'Samantha Ruth Prabhu', 'Priyamani']",TV-14,India
The Office,,8.5,"['Comedy', 'Drama']",2001–2003,30m,The story of an office that faces closure when the company decides to downsize its branches. A documentary film crew follow staff and the manager David Brent as they continue their daily lives.,"['Ricky Gervais', 'Martin Freeman', 'Mackenzie Crook']",TV-MA,United Kingdom
Mr. Robot,,8.5,"['Crime', 'Drama', 'Thriller']",2015–2019,49m,"Elliot, a brilliant but highly unstable young cyber-security engineer and vigilante hacker, becomes a key figure in a complex game of global dominance when he and his shadowy allies try to take down the corrupt corporation he works for.","['Rami Malek', 'Christian Slater', 'Carly Chaikin']",TV-MA,United States
I'm Alan Partridge,,8.6,['Comedy'],1997–2002,29m,"A failed television presenter, now presenting a programme on local desperately tries to revive his broadcasting career.","['Steve Coogan', 'Simon Greenall', 'Felicity Montagu']",TV-MA,United Kingdom
Samurai Champloo,Original title: Samurai chanpurû,8.6,"['Animation', 'Action', 'Adventure']",2004–2005,24m,"Fuu, a waitress who works in a teahouse, rescues two master swordsmen, Mugen and Jin, from their execution to help her find the ""samurai who smells of sunflowers.""","['Kazuya Nakai', 'Ginpei Sato', 'Ayako Kawasumi']",TV-MA,Japan
Whose Line Is It Anyway?,,8.5,"['Comedy', 'Game-Show']",1998–2007,30m,Improvisational comedy competition show in which four members of the regular cast as comedians and often with guest appearances with other comedians and celebrities and members of the audience perform various comic games and sketches.,"['Drew Carey', 'Colin Mochrie', 'Ryan Stiles']",TV-PG,United States
The IT Crowd,,8.5,['Comedy'],2006–2013,25m,"The comedic misadventures of Roy, Moss and their grifting supervisor Jen, a rag-tag team of IT support workers at a large corporation headed by a hotheaded yuppie.","[""Chris O'Dowd"", 'Richard Ayoade', 'Katherine Parkinson']",TV-14,United Kingdom
Louie,,8.5,"['Comedy', 'Drama']",2010–2015,22m,"The life of Louie C.K., a divorced comedian living in New York with two kids.","['Louis C.K.', 'Hadley Delany', 'Ursula Parker']",TV-MA,United States
Formula 1: Drive to Survive,,8.6,"['Documentary', 'Sport']",2019– ,40m,Docuseries following the FIA Formula One World Championship across multiple seasons.,"['Will Buxton', 'Jack Nicholls', 'Daniel Ricciardo']",TV-MA,United Kingdom
Long Way Round,,8.6,"['Documentary', 'Adventure']",2004–2010,5h 15m,"This documentary series follows actors Ewan McGregor and Charley Boorman on a motorcycle trip around the world. The two friends will travel through such places as Siberia, Kazakhstan, Mongolia, and Alaska, before finally ending the journey in New York. The filming will be done by...","['David Alexanian', 'Charley Boorman', 'Russ Malkin', 'Ewan McGregor', 'Charley Boorman', 'David Alexanian']",TV-PG,United Kingdom
What We Do in the Shadows,,8.6,"['Comedy', 'Fantasy', 'Horror']",2019– ,30m,A look into the nightly lives of four vampires who have lived together on Staten Island for over a century.,"['Kayvan Novak', 'Matt Berry', 'Natasia Demetriou']",TV-MA,United States
"Yes, Prime Minister",,8.6,['Comedy'],1986–1987,30m,James Hacker was propelled along the corridors of power to the very pinnacle of politics - Number 10.,"['Paul Eddington', 'Nigel Hawthorne', 'Derek Fowlds']",TV-PG,United Kingdom
Impractical Jokers,,8.6,"['Comedy', 'Reality-TV']",2011– ,30m,"Q, Sal, Joe and Murr are real-life best friends who love challenging each other to the most outrageous dares and stunts ever caught on hidden camera.","['James Murray', 'Brian Quinn', 'Sal Vulcano']",TV-14,United States
Black Sun,Original title: Senke nad Balkanom,8.9,"['Crime', 'Drama', 'Thriller']",2017– ,1h,"A historical fiction drama and thriller set in the turbulent period of the late 1920s in the Balkans as a place where high politics, local interests, capital and crime all merge together.","['Andrija Kuzmanovic', 'Marija Bergam', 'Dragan Bjelogrlic']",TV-MA,Serbia
Spaced,,8.6,"['Action', 'Comedy']",1999–2001,25m,"Friends Tim and Daisy, 20-something North Londoners with uncertain futures, must pretend to be a couple to live in the only apartment they can afford.","['Simon Pegg', 'Jessica Hynes', 'Julia Deakin']",TV-14,United Kingdom
The Venture Bros.,,8.6,"['Animation', 'Action', 'Adventure']",2003–2018,22m,"The bizarre escapades of pseudo-heroic scientist Dr. Rusty Venture, his competent, high-strung bodyguard, and his two overenthusiastic sons.","['Christopher McCulloch', 'James Urbaniak', 'Doc Hammer']",TV-14,United States
Battlestar Galactica,,8.5,"['Action', 'Adventure', 'Drama']",2003,3h 3m,"Following the destruction of the Twelve Colonies of Kobol by the Cylons, a rag-tag fugitive fleet of the last remnants of mankind flees the pursuing Cylons while simultaneously searching for their true home: Earth.","['Edward James Olmos', 'Mary McDonnell', 'Katee Sackhoff']",TV-14,United States
Dragon Ball,Original title: Dragon Ball: Doragon bôru,8.6,"['Animation', 'Action', 'Adventure']",1986–1989,25m,"Son Gokû, a fighter with a monkey tail, goes on a quest with an assortment of odd characters in search of the Dragon Balls, a set of crystals that can give its bearer anything they desire.","['Masako Nozawa', 'Jôji Yanami', 'Brice Armstrong']",TV-14,Japan
Coupling,,8.6,"['Comedy', 'Romance']",2000–2004,30m,Six best friends talk about all aspects of sex and relationships on their never-ending quest to find true love.,"['Jack Davenport', 'Gina Bellman', 'Sarah Alexander']",TV-14,United Kingdom
El Chavo del Ocho,,8.7,"['Comedy', 'Family']",1972–1983,30m,"The misadventures of a poor, homeless, fumbling boy and his friends in their humble neighborhood.","['Ramón Valdés', 'Carlos Villagrán', 'Roberto Gómez Bolaños']",TV-PG,Mexico
The Bureau,Original title: Le Bureau des Légendes,8.7,"['Drama', 'Thriller']",2015– ,52m,,"['Mathieu Kassovitz', 'Florence Loiret Caille', 'Jonathan Zaccaï']",TV-MA,France
Dragon Ball,,8.6,"['Animation', 'Action', 'Adventure']",1995–2003,24m,"Dragon Ball tells the tale of a young warrior by the name of Son Goku, a young peculiar boy with a tail who embarks on a quest to become stronger and learns of the Dragon Balls, when, once all 7 are gathered, grant any wish of choice.","['Brice Armstrong', 'Steve Olson', 'Stephanie Nadolny']",TV-14,Japan
Flight of the Conchords,,8.6,"['Comedy', 'Music', 'Musical']",2007–2009,28m,"Bret and Jemaine are Flight of the Conchords, a folk-rock band from New Zealand living in New York City in search of stardom.","['Jemaine Clement', 'Bret McKenzie', 'Rhys Darby']",TV-MA,United States
The Queen's Gambit,,8.6,['Drama'],2020,1h,"Orphaned at the tender age of nine, prodigious introvert Beth Harmon discovers and masters the game of chess in 1960s USA. But child stardom comes at a price.","['Anya Taylor-Joy', 'Chloe Pirrie', 'Bill Camp']",TV-MA,United States
Homicide: Life on the Street,,8.7,"['Crime', 'Drama', 'Mystery']",1993–1999,1h,Life on the Street is an American police procedural television series chronicling the work of a fictional version of the Baltimore Police Department's Homicide Unit.,"['Richard Belzer', 'Clark Johnson', 'Yaphet Kotto']",TV-14,United States
Justice League,,8.6,"['Animation', 'Action', 'Adventure']",2001–2004,22m,Seven of the most formidable heroes form arguably the most powerful team ever.,"['Bob Kane', 'William Moulton Marston', 'Joe Shuster', 'Carl Lumbly', 'Phil LaMarr', 'Michael Rosenbaum']",TV-PG,United States
The Bugs Bunny Show,,8.6,"['Animation', 'Comedy']",1960–1975,30m,TV series featuring the classic Looney Tunes animated shorts.,"['Mel Blanc', 'June Foray', 'Daws Butler']",TV-G,United States
The Eric Andre Show,,8.6,"['Comedy', 'Talk-Show']",2012– ,11m,"Eric Andre tries to host a talk show in a bizarre environment, where he is sometimes the player of pranks and sometimes the victim.","['Eric André', 'Hannibal Buress', 'Tom Ato']",TV-MA,United States
Crash Landing on You,Original title: Sa-rang-eui bul-shi-chak,8.7,"['Adventure', 'Comedy', 'Romance']",2019–2020,1h 10m,The absolute top secret love story of a chaebol heiress who made an emergency landing in North Korea because of a paragliding accident and a North Korean special officer who falls in love with her and who is hiding and protecting her.,"['Hyun Bin', 'Son Ye-jin', 'Seo Ji-hye']",TV-14,South Korea
Making a Murderer,,8.6,"['Documentary', 'Crime']",2015–2018,1h,"Filmed over a 10-year period, Steven Avery, a DNA exoneree who, while in the midst of exposing corruption in local law enforcement, finds himself the prime suspect in a grisly new crime.","['Steven Avery', 'Dolores Avery', 'Laura Nirider']",TV-14,United States
The Newsroom,,8.6,['Drama'],2012–2014,55m,"A newsroom undergoes some changes in its workings and morals as a new team is brought in, bringing unexpected results for its existing news anchor.","['Jeff Daniels', 'Emily Mortimer', 'John Gallagher Jr.']",TV-MA,United States
The Haunting of Hill House,,8.6,"['Drama', 'Horror', 'Mystery']",2018,9h 32m,"Flashing between past and present, a fractured family confronts haunting memories of their old home and the terrifying events that drove them from it.","['Michiel Huisman', 'Carla Gugino', 'Henry Thomas']",TV-MA,United States
Boardwalk Empire,,8.6,"['Crime', 'Drama']",2010–2014,55m,An Atlantic City politician plays both sides of the law by conspiring with gangsters during the Prohibition era.,"['Steve Buscemi', 'Kelly Macdonald', 'Michael Shannon']",TV-MA,United States
Pose,,8.6,['Drama'],2018–2021,1h,"In the New York of the late '80s and early '90s, this is a story of ball culture and the gay and trans community, the raging AIDS crisis, and capitalism.","['Michaela Jaé (MJ) Rodriguez', 'Dominique Jackson', 'Indya Moore']",TV-MA,United States
Justified,,8.6,"['Action', 'Crime', 'Drama']",2010–2015,44m,"U.S. Marshal Raylan Givens is reassigned from Miami to his childhood home in the poor, rural coal mining towns of eastern Kentucky.","['Timothy Olyphant', 'Nick Searcy', 'Joelle Carter']",TV-MA,United States
Yes Minister,,8.7,['Comedy'],1980–1984,30m,"The Right Honorable James Hacker has landed the plum job of Cabinet Minister to the Department of Administration. At last he is in a position of power and can carry out some long-needed reforms, or so he thinks.","['Paul Eddington', 'Nigel Hawthorne', 'Derek Fowlds']",TV-PG,United Kingdom
Anne with an E,Original title: Anne,8.7,"['Drama', 'Family']",2017–2019,1h,"The adventures of a young orphan girl living in the early 19th century. Follow Anne as she learns to navigate her new life on Prince Edward Island, in this new take on L.M. Montgomery's classic novels.","['Amybeth McNulty', 'Geraldine James', 'R.H. Thomson']",TV-PG,Canada
Mr. Bean,,8.6,"['Comedy', 'Family']",1990–1995,25m,"Bumbling, childlike Mr. Bean has trouble completing the simplest of day-to-day tasks, but his perseverance and resourcefulness frequently allow him to find ingenious ways around problems.","['Rowan Atkinson', 'Matilda Ziegler', 'Robin Driscoll']",TV-G,United Kingdom
Haikyu!!,Original title: Haikyuu!!,8.7,"['Animation', 'Comedy', 'Drama']",2014–2020,24m,"Determined to be like the volleyball championship's star player nicknamed ""the small giant"", Shoyo joins his school's volleyball club.","['Ayumu Murase', 'Kaito Ishikawa', 'Yu Hayashi']",TV-14,Japan
QI,,8.6,"['Comedy', 'Game-Show']",2003– ,30m,"A comedy panel game in which being Quite Interesting is more important than being right. Sandi Toksvig is joined each week by four comedians to share anecdotes and trivia, and maybe answer some questions as well.","['Alan Davies', 'Stephen Fry', 'Sandi Toksvig']",TV-PG,United Kingdom
Heartstopper,,8.7,"['Drama', 'Romance']",2022– ,30m,Teens Charlie and Nick discover their unlikely friendship might be something more as they navigate school and young love in this coming-of-age series.,"['Joe Locke', 'Kit Connor', 'Yasmin Finney']",TV-14,United Kingdom
Dopesick,,8.6,['Drama'],2021,8h 12m,"The series takes viewers to the epicenter of America's struggle with opioid addiction, from the boardrooms of Purdue Pharma, to a distressed Virginia mining community, to the hallways of the DEA.","['Michael Keaton', 'Peter Sarsgaard', 'Michael Stuhlbarg']",TV-MA,United States
The Offer,,8.7,"['Biography', 'Drama']",2022,9h 46m,Oscar-winning producer Albert S. Ruddy's never-before-revealed experiences of making The Godfather (1972).,"['Miles Teller', 'Matthew Goode', 'Dan Fogler']",TV-MA,United States
Poirot,,8.6,"['Crime', 'Drama', 'Mystery']",1989–2013,1h 40m,"The cases of eccentric, but sharp, Belgian detective Hercule Poirot.","['David Suchet', 'Hugh Fraser', 'Philip Jackson']",TV-14,United Kingdom
Yellowstone,,8.7,"['Drama', 'Western']",2018–2023,1h,A ranching family in Montana faces off against others encroaching on their land.,"['Kevin Costner', 'Luke Grimes', 'Kelly Reilly']",TV-MA,United States
Blackadder the Third,,8.6,['Comedy'],1987,3h,"In the Regency era, Mr E. Blackadder serves as butler to the foppish numskull Prince George amidst the fads and crazes of the time.","['Rowan Atkinson', 'Tony Robinson', 'Hugh Laurie']",TV-PG,United Kingdom
Gomorrah,Original title: Gomorra: La serie,8.7,"['Crime', 'Drama', 'Thriller']",2014–2021,55m,Ciro disregards tradition in his attempt to become the next boss of his crime syndicate. The internal power struggle puts him and his entire family's life at risk.,"['Leonardo Fasoli', 'Stefano Bises', 'Roberto Saviano', 'Salvatore Esposito', ""Marco D'Amore"", 'Ivana Lotito']",TV-MA,Italy
Young Justice,,8.6,"['Animation', 'Action', 'Adventure']",2010–2022,23m,Teenage superheroes strive to prove themselves as members of the Justice League.,"['Greg Weisman', 'Brandon Vietti', 'Geoff Johns', 'Nolan North', 'Danica McKellar', 'Jesse McCartney']",TV-PG,United States
Mystery Science Theater 3000,,8.7,"['Comedy', 'Sci-Fi']",1988–1999,1h 32m,"In the not-too-distant future Joel Robinson is held captive by Dr. Forrester and TV's Frank, forced to watch B-Grade movies on the Satellite of Love with the help of his robot friends: Cambot, Gypsy, Tom Servo and Crow T. Robot.","['Joel Hodgson', 'Michael J. Nelson', 'Trace Beaulieu']",TV-14,United States
The Return of Sherlock Holmes,,8.7,"['Crime', 'Drama', 'Mystery']",1986–1988,1h,"Sherlock Holmes and Dr Watson solve the mysteries of the devil's foot, Silver Blaze, Wisteria Lodge and the Bruce-Partington Plans.","['Jeremy Brett', 'Edward Hardwicke', 'Rosalie Williams']",TV-PG,United Kingdom
Adventure Time,,8.6,"['Animation', 'Action', 'Adventure']",2010–2018,11m,"A twelve-year-old boy and his best friend, a wise twenty-eight-year-old dog with magical powers, go on a series of surreal adventures in a remote future.","['John DiMaggio', 'Jeremy Shada', 'Tom Kenny']",TV-PG,United States
Yeh Meri Family,,9.0,"['Comedy', 'Drama', 'Family']",2018,30m,Set in the summer of 1998 it is a story about conflicting emotions towards family members from the eyes of a twelve year old.,"['Vishesh Bansal', 'Mona Singh', 'Akarsh Khurana']",TV-14,India
Mindhunter,,8.6,"['Crime', 'Drama', 'Mystery']",2017–2019,1h,"Set in the late 1970s, two FBI agents are tasked with interviewing serial killers to solve open cases.","['Jonathan Groff', 'Holt McCallany', 'Anna Torv']",TV-MA,United States
Demon Slayer: Kimetsu no Yaiba,Original title: Kimetsu no Yaiba,8.7,"['Animation', 'Action', 'Adventure']",2019– ,24m,"A family is attacked by demons and only two members survive - Tanjiro and his sister Nezuko, who is turning into a demon slowly. Tanjiro sets out to become a demon slayer to avenge his family and cure his sister.","['Natsuki Hanae', 'Zach Aguilar', 'Yoshitsugu Matsuoka']",TV-MA,Japan
Archer,,8.6,"['Animation', 'Action', 'Comedy']",2009– ,22m,Covert black ops and espionage take a back seat to zany personalities and relationships between secret agents and drones.,"['H. Jon Benjamin', 'Judy Greer', 'Amber Nash']",TV-MA,United States
Lonesome Dove,,8.7,"['Adventure', 'Drama', 'Western']",1989,6h 24m,Two former Texas Rangers renew their spirit of adventure as they and several other residents of a small Texas town join a cattle drive to the Montana Territory.,"['Robert Duvall', 'Tommy Lee Jones', 'Danny Glover']",TV-14,United States
Ramayan,,9.0,"['Adventure', 'Drama', 'Family']",1987–1988,30m,"An adaptation of the ancient epic, in which the exiled Prince Rama and his brother Laxman set out to save Rama's wife, Sita, who has been kidnapped by the demon king of Lanka Ravana.","['Arun Govil', 'Deepika Chikhalia', 'Sunil Lahri']",TV-14,India
It's a Sin,,8.7,"['Comedy', 'Drama', 'History']",2021,3h 59m,"A chronicle of four friends during a decade in which everything changed, including the rise of AIDS.","['Olly Alexander', 'Nathaniel Curtis', 'Shaun Dooley']",TV-MA,United Kingdom
Blackadder II,,8.6,['Comedy'],1986,2h 56m,"In the Tudor court of Elizabeth I, Lord Edmund Blackadder strives to win Her Majesty's favour while attempting to avoid a grisly fate should he offend her.","['Rowan Atkinson', 'Tony Robinson', 'Tim McInnerny']",TV-PG,United Kingdom
Monster,,8.7,"['Animation', 'Crime', 'Drama']",2004–2005,24m,A brilliant neurosurgeon finds his life in utter turmoil after getting involved with a psychopathic former patient.,"['Hidenobu Kiuchi', ""Liam O'Brien"", 'Mamiko Noto']",TV-14,Japan
Critical Role,,9.3,"['Adventure', 'Fantasy']",2015– ,3h,"A live weekly show in which a band of professional voice actors improvise, role-play, and roll their way through an epic Dungeons and Dragons campaign.","['Matthew Mercer', ""Liam O'Brien"", 'Marisha Ray']",TV-14,United States
Daredevil,,8.6,"['Action', 'Crime', 'Drama']",2015–2018,54m,"A blind lawyer by day, vigilante by night. Matt Murdock fights the crime of New York as Daredevil.","['Charlie Cox', ""Vincent D'Onofrio"", 'Deborah Ann Woll']",TV-MA,United States
Primal,,8.7,"['Animation', 'Action', 'Adventure']",2019– ,22m,A caveman and a dinosaur bond over shared tragedy and work together to survive in a perilous prehistoric world.,"['Aaron LaPlante', 'Laëtitia Eïdo', 'Fred Tatasciore']",TV-MA,United States
Naruto: Shippuden,Original title: Naruto: Shippûden,8.7,"['Animation', 'Action', 'Adventure']",2007–2017,24m,"Naruto Uzumaki, is a loud, hyperactive, adolescent ninja who constantly searches for approval and recognition, as well as to become Hokage, who is acknowledged as the leader and strongest of all ninja in the village.","['Alexandre Crepet', 'Junko Takeuchi', 'Maile Flanagan']",TV-PG,Japan
The Jinx: The Life and Deaths of Robert Durst,,8.6,"['Documentary', 'Biography', 'Crime']",2015,4h 39m,"Filmmaker Andrew Jarecki examines the complicated life of reclusive real estate icon Robert Durst, the key suspect in a series of unsolved crimes.","['Andrew Jarecki', 'Robert Durst', 'Gary Napoli']",TV-14,United States
Bleach: Thousand-Year Blood War,Original title: Bleach: Sennen Kessen-hen,9.0,"['Animation', 'Action', 'Adventure']",2022– ,24m,"The peace is suddenly broken when warning sirens blare through the Soul Society. Residents are disappearing without a trace and nobody knows who's behind it. Meanwhile, a darkness is approaching Ichigo and his friends in Karakura Town.","['Masakazu Morita', 'Johnny Yong Bosch', 'Takayuki Sugô']",TV-MA,Japan
The Bridge,Original title: Bron/Broen,8.6,"['Crime', 'Mystery', 'Thriller']",2011–2018,1h,"When a body is found on the bridge between Denmark and Sweden, right on the border, Danish inspector Martin Rohde and Swedish Saga Norén have to share jurisdiction and work together to find the killer.","['Sofia Helin', 'Rafael Pettersson', 'Sarah Boberg']",TV-MA,Sweden
Code Geass,Original title: Code Geass: Hangyaku no Lelouch,8.7,"['Animation', 'Action', 'Drama']",2006–2008,24m,"After being given a mysterious power to control others, an outcast prince becomes the masked leader of the rebellion against an all-powerful empire.","['Jun Fukuyama', 'Takahiro Sakurai', 'Johnny Yong Bosch']",TV-14,Japan
Dexter,,8.7,"['Crime', 'Drama', 'Mystery']",2006–2013,53m,"He's smart. He's lovable. He's Dexter Morgan, America's favorite serial killer, who spends his days solving crimes and nights committing them.","['Michael C. Hall', 'Jennifer Carpenter', 'David Zayas']",TV-MA,United States
Atlanta,,8.6,"['Comedy', 'Drama', 'Music']",2016–2022,30m,"Earn and his cousin Alfred, based in Atlanta, try to make their way in the world through the rap scene. Along the way they come face-to-face with social and economic issues touching on race, relationships, poverty, status, and parenthood.","['Donald Glover', 'Brian Tyree Henry', 'LaKeith Stanfield']",TV-MA,United States
This Is Us,,8.7,"['Comedy', 'Drama', 'Romance']",2016–2022,45m,"A heartwarming and emotional story about a unique set of triplets, their struggles, and their wonderful parents.","['Milo Ventimiglia', 'Mandy Moore', 'Sterling K. Brown']",TV-14,United States
Deadwood,,8.6,"['Crime', 'Drama', 'History']",2004–2006,55m,"A show set in the late 1800s, revolving around the characters of Deadwood, South Dakota; a town of deep corruption and crime.","['Timothy Olyphant', 'Ian McShane', 'Molly Parker']",TV-MA,United States
Behzat Ç.: Bir Ankara Polisiyesi,,8.9,"['Crime', 'Drama', 'Mystery']",2010–2019,1h 30m,"Centered around a personally troubled, officially discredited police chief and his inharmonious police team in Ankara Police Force. Even though the show usually focuses on murders and other crimes that happens on a weekly basis, the undertone of the story leads to an eventual due...","['Erdal Besikçioglu', 'Inanç Konukçu', 'Ege Aydan']",TV-14,Turkey
Parks and Recreation,,8.6,['Comedy'],2009–2015,22m,The absurd antics of an Indiana town's public officials as they pursue sundry projects to make their city a better place.,"['Amy Poehler', ""Jim O'Heir"", 'Nick Offerman']",TV-14,United States
Father Ted,,8.7,['Comedy'],1995–1998,25m,"Three misfit priests and their housekeeper live on Craggy Island, not the peaceful and quiet part of Ireland that it seems to be.","['Dermot Morgan', ""Ardal O'Hanlon"", 'Frank Kelly']",TV-14,United Kingdom
Aspirants,,9.2,['Drama'],2021– ,,It is the story of the journey of three UPSC (public service competitive exams in India) aspirants and their friendship against all odds.,"['Naveen Kasturia', 'Shivankit Singh Parihar', 'Abhilash Thapliyal']",,India
Mahabharat,,9.0,"['Adventure', 'Drama', 'History']",1988–1990,45m,"When a dynastic struggle between the collateral branches of the Kuru clan, the Kauravas and Pandavas lead them to the threshold of war, Lord Krishna decides to step in and take control of the situation.","['Harish Bhimani', 'Nitish Bharadwaj', 'Mukesh Khanna']",TV-14,India
The Crown,,8.6,"['Biography', 'Drama', 'History']",2016–2023,58m,Follows the political rivalries and romance of Queen Elizabeth II's reign and the events that shaped the second half of the 20th century.,"['Claire Foy', 'Olivia Colman', 'Imelda Staunton']",TV-MA,United Kingdom
The X-Files,Original title: The X Files,8.6,"['Crime', 'Drama', 'Mystery']",1993–2018,45m,"Two F.B.I. Agents, Fox Mulder the believer and Dana Scully the skeptic, investigate the strange and unexplained, while hidden forces work to impede their efforts.","['David Duchovny', 'Gillian Anderson', 'Mitch Pileggi']",TV-14,United States
Line of Duty,,8.7,"['Crime', 'Drama', 'Mystery']",2012–2021,1h,"Drama series following the investigations of AC-12, a controversial police anti-corruption unit.","['Martin Compston', 'Vicky McClure', 'Adrian Dunbar']",TV-14,United Kingdom
1883,,8.7,"['Drama', 'Western']",2021–2022,1h,Follows the Dutton family as they embark on a journey west.,"['Sam Elliott', 'Tim McGraw', 'Faith Hill']",TV-MA,United States
Top Gear,,8.7,"['Adventure', 'Comedy', 'Sport']",2002– ,1h,"The hosts talk about everything car-related. From new cars to how they're fueled, this show has it all.","['Jeremy Clarkson', 'Richard Hammond', 'James May']",TV-PG,United Kingdom
Justice League Unlimited,,8.7,"['Animation', 'Action', 'Adventure']",2004–2006,23m,A continuation of the Justice League animated series finds the original members of the team joined in their battle against crime and evil by dozens of other heroes from the DC comics universe.,"['George Newbern', 'Kevin Conroy', 'Phil LaMarr']",TV-Y7-FV,United States
House of Cards,,8.7,['Drama'],2013–2018,51m,A Congressman works with his equally conniving wife to exact revenge on the people who betrayed him.,"['Kevin Spacey', 'Michel Gill', 'Robin Wright']",TV-MA,United States
Friday Night Lights,,8.7,"['Drama', 'Sport']",2006–2011,44m,"A drama that follows the lives of the Dillon Panthers, one of the nation's best high school football teams, and their head coach Eric Taylor.","['Kyle Chandler', 'Connie Britton', 'Zach Gilford']",TV-14,United States
The Grand Tour,,8.7,"['Comedy', 'Sport', 'Talk-Show']",2016– ,1h,"Jeremy, Richard and James embark on an adventure across the globe, driving new and exciting automobiles from manufacturers all over the world.","['Jeremy Clarkson', 'James May', 'Richard Hammond']",TV-14,United Kingdom
Berserk,Original title: Kenpuu Denki Berserk,8.7,"['Animation', 'Action', 'Adventure']",1997–1998,23m,"Guts is a skilled swordsman who joins forces with a mercenary group named 'The Band of the Hawk', lead by the charismatic Griffith, and fights with them as they battle their way into the royal court.","['Marc Diraison', 'Nobutoshi Canna', 'Carrie Keranen']",TV-MA,Japan
Sarabhai V/S Sarabhai,,9.0,['Comedy'],2004–2017,30m,"The show revolves around the lives of the members of an Uber Wealthy - High Society Gujarati family of Cuffe Parade - South Mumbai, whose daughter-in-law is from a middle class Delhi background.","['Satish Shah', 'Ratna Pathak Shah', 'Sumeet Raghavan']",TV-PG,India
The Marvelous Mrs. Maisel,,8.7,"['Comedy', 'Drama']",2017–2023,57m,"After her husband leaves her, young mother of two Miriam ""Midge"" Maisel discovers that she has a talent for stand-up comedy. Could this be her calling?","['Rachel Brosnahan', 'Alex Borstein', 'Michael Zegen']",TV-MA,United States
Star Trek: The Next Generation,,8.7,"['Action', 'Adventure', 'Sci-Fi']",1987–1994,44m,"Set almost 100 years after Captain Kirk's 5-year mission, a new generation of Starfleet officers sets off in the U.S.S. Enterprise-D on its own mission to go where no one has gone before.","['Patrick Stewart', 'Brent Spiner', 'Jonathan Frakes']",TV-PG,United States
The Adventures of Sherlock Holmes,,8.7,"['Crime', 'Drama', 'Mystery']",1984–1985,1h,"Sherlock Holmes and Dr Watson solve the mysteries of copper beeches, a Greek interpreter, the Norwood builder, a resident patient, the red-headed league, and one final problem.","['Jeremy Brett', 'David Burke', 'Rosalie Williams']",TV-PG,United Kingdom
Peep Show,,8.7,['Comedy'],2003–2015,25m,Mark and Jez are a couple of twenty-something roommates who have nothing in common - except for the fact that their lives are anything but normal. Mayhem ensues as the pair strive to cope with day-to-day life.,"['David Mitchell', 'Robert Webb', 'Matt King']",TV-MA,United Kingdom
Stranger Things,,8.7,"['Drama', 'Fantasy', 'Horror']",2016–2024,51m,"When a young boy disappears, his mother, a police chief and his friends must confront terrifying supernatural forces in order to get him back.","['Millie Bobby Brown', 'Finn Wolfhard', 'Winona Ryder']",TV-14,United States
Invincible,,8.7,"['Animation', 'Action', 'Adventure']",2021– ,50m,An adult animated series based on the Skybound/Image comic about a teenager whose father is the most powerful superhero on the planet.,"['Steven Yeun', 'J.K. Simmons', 'Sandra Oh']",TV-MA,United States
Mad Men,,8.7,['Drama'],2007–2015,47m,"A drama about one of New York's most prestigious ad agencies at the beginning of the 1960s, focusing on one of the firm's most mysterious but extremely talented ad executives, Donald Draper.","['Jon Hamm', 'Elisabeth Moss', 'Vincent Kartheiser']",TV-MA,United States
Downton Abbey,,8.7,"['Drama', 'Romance']",2010–2015,58m,A chronicle of the lives of the British aristocratic Crawley family and their servants in the early twentieth century.,"['Hugh Bonneville', 'Phyllis Logan', 'Elizabeth McGovern']",TV-PG,United Kingdom
Severance,,8.7,"['Drama', 'Mystery', 'Sci-Fi']",2022– ,55m,"Mark leads a team of office workers whose memories have been surgically divided between their work and personal lives. When a mysterious colleague appears outside of work, it begins a journey to discover the truth about their jobs.","['Adam Scott', 'Zach Cherry', 'Britt Lower']",TV-MA,United States
Vinland Saga,,8.8,"['Animation', 'Action', 'Adventure']",2019– ,24m,Thorfinn pursues a journey with his father's killer in order to take revenge and end his life in a duel as an honorable warrior and pay his father a homage.,"['Yûto Uemura', 'Alejandro Saab', 'Mike Haimoto']",TV-MA,Japan
Panchayat,,8.9,"['Comedy', 'Drama']",2020– ,35m,"A comedy-drama, which captures the journey of an engineering graduate Abhishek, who for lack of a better job option joins as secretary of a Panchayat office in a remote village of Uttar Pradesh.","['Jitendra Kumar', 'Raghuvir Yadav', 'Chandan Roy']",TV-14,India
Battlestar Galactica,,8.7,"['Action', 'Adventure', 'Drama']",2004–2009,44m,"When an old enemy, the Cylons, resurface and obliterate the 12 colonies, the crew of the aged Galactica protect a small civilian fleet - the last of humanity - as they journey toward the fabled 13th colony, Earth.","['Edward James Olmos', 'Mary McDonnell', 'Jamie Bamber']",TV-14,United States
The Shield,,8.7,"['Crime', 'Drama', 'Thriller']",2002–2008,47m,Drama series following the lives and cases of dirty cop Vic Mackey and the corrupt LAPD unit under his command.,"['Michael Chiklis', 'Walton Goggins', 'Michael Jace']",TV-MA,United States
House,Original title: House M.D.,8.7,"['Drama', 'Mystery']",2004–2012,44m,An antisocial maverick doctor who specializes in diagnostic medicine does whatever it takes to solve puzzling cases that come his way using his crack team of doctors and his wits.,"['Hugh Laurie', 'Omar Epps', 'Robert Sean Leonard']",TV-14,United States
One Punch Man,Original title: One Punch Man: Wanpanman,8.7,"['Animation', 'Action', 'Comedy']",2015–2019,24m,"The story of Saitama, a hero that does it just for fun & can defeat his enemies with a single punch.","['Makoto Furukawa', 'Kaito Ishikawa', 'Max Mittelman']",TV-PG,Japan
Gullak,,9.1,"['Comedy', 'Drama', 'Family']",2019– ,,"Set in quaint by-lanes in the heart of India, Gullak is a collection of disarming and relatable tales of the Mishra family.","['Jameel Khan', 'Geetanjali Kulkarni', 'Vaibhav Raj Gupta']",,India
The Mandalorian,,8.7,"['Action', 'Adventure', 'Fantasy']",2019– ,40m,"The travels of a lone bounty hunter in the outer reaches of the galaxy, far from the authority of the New Republic.","['Pedro Pascal', 'Chris Bartlett', 'Katee Sackhoff']",TV-14,United States
The Simpsons,,8.7,"['Animation', 'Comedy']",1989– ,22m,The satiric adventures of a working-class family in the misfit city of Springfield.,"['Dan Castellaneta', 'Nancy Cartwright', 'Harry Shearer']",TV-14,United States
Fleabag,,8.7,"['Comedy', 'Drama']",2016–2019,27m,A comedy series adapted from the award-winning play about a young woman trying to cope with life in London whilst coming to terms with a recent tragedy.,"['Phoebe Waller-Bridge', 'Sian Clifford', 'Olivia Colman']",TV-MA,United Kingdom
Arrested Development,,8.7,['Comedy'],2003–2019,22m,"Level-headed son Michael Bluth takes over family affairs after his father is imprisoned. But the rest of his spoiled, dysfunctional family are making his job unbearable.","['Jason Bateman', 'Michael Cera', 'Portia de Rossi']",TV-14,United States
The Boys,,8.7,"['Action', 'Comedy', 'Crime']",2019– ,1h,A group of vigilantes set out to take down corrupt superheroes who abuse their superpowers.,"['Karl Urban', 'Jack Quaid', 'Antony Starr']",TV-MA,United States
Dark,,8.7,"['Crime', 'Drama', 'Mystery']",2017–2020,1h,"A family saga with a supernatural twist, set in a German town where the disappearance of two young children exposes the relationships among four families.","['Louis Hofmann', 'Karoline Eichhorn', 'Lisa Vicari']",TV-MA,Germany
Ted Lasso,,8.8,"['Comedy', 'Drama', 'Sport']",2020– ,30m,"American college football coach Ted Lasso heads to London to manage AFC Richmond, a struggling English Premier League football team.","['Brendan Hunt', 'Joe Kelly', 'Bill Lawrence', 'Jason Sudeikis', 'Brett Goldstein', 'Hannah Waddingham']",TV-MA,United States
Steins;Gate,,8.8,"['Animation', 'Comedy', 'Drama']",2011–2015,24m,"After discovering time travel, a university student and his colleagues must use their knowledge of it to stop an evil organization and their diabolical plans.","['Mamoru Miyano', 'Asami Imai', 'Kana Hanazawa']",TV-14,Japan
Oz,,8.7,"['Crime', 'Drama', 'Thriller']",1997–2003,55m,A series chronicling the daily activities of an unusual prison facility and its criminal inhabitants.,"['Ernie Hudson', 'J.K. Simmons', 'Lee Tergesen']",TV-MA,United States
Peaky Blinders,,8.8,"['Crime', 'Drama']",2013–2022,1h,"A gangster family epic set in 1900s England, centering on a gang who sew razor blades in the peaks of their caps, and their fierce boss Tommy Shelby.","['Cillian Murphy', 'Paul Anderson', 'Sophie Rundle']",TV-MA,United Kingdom
Kota Factory,,9.0,"['Comedy', 'Drama']",2019–2021,45m,"Dedicated to Shrimati SL Loney ji, Shri Irodov ji and Maanniya HC Verma ji, 'Kota Factory' is TVF's latest original. India's first 'Black and White' show highlights the problems present day IIT-JEE aspirants face in their day-to-day lives.","['Mayur More', 'Jitendra Kumar', 'Ranjan Raj']",TV-14,India
Rome,,8.7,"['Action', 'Drama', 'Romance']",2005–2007,52m,A down-to-earth account of the lives of both illustrious and ordinary Romans set in the last days of the Roman Republic.,"['Kevin McKidd', 'Ray Stevenson', 'Polly Walker']",TV-MA,United Kingdom
Six Feet Under,,8.7,"['Comedy', 'Drama']",2001–2005,1h,A chronicle of the lives of a dysfunctional family who run an independent funeral home in Los Angeles.,"['Peter Krause', 'Michael C. Hall', 'Frances Conroy']",TV-MA,United States
"I, Claudius",,8.8,"['Biography', 'Drama', 'History']",1976,11h 9m,"The personal and governmental affairs of the Julio-Claudian dynasty at the beginning of the Roman Empire, as recalled by one of its rulers.","['Derek Jacobi', 'John Hurt', 'Siân Phillips']",Not Rated,United Kingdom
The Thick of It,,8.7,['Comedy'],2005–2012,29m,The Minister for Social Affairs is continually harassed by Number 10's policy enforcer and dependent on his not-so-reliable team of civil servants.,"['Chris Addison', 'James Smith', 'Peter Capaldi']",TV-MA,United Kingdom
Over the Garden Wall,,8.8,"['Animation', 'Short', 'Adventure']",2014,22m,Two brothers find themselves lost in a mysterious land and try to find their way home.,"['Elijah Wood', 'Collin Dean', 'Melanie Lynskey']",TV-PG,United States
One Piece,Original title: One Piece: Wan pîsu,8.9,"['Animation', 'Action', 'Adventure']",1999– ,24m,"Follows the adventures of Monkey D. Luffy and his pirate crew in order to find the greatest treasure ever left by the legendary Pirate, Gold Roger. The famous mystery treasure named ""One Piece"".","['Mayumi Tanaka', 'Laurent Vernin', 'Tony Beck']",TV-14,Japan
Dragon Ball Z,Original title: Dragon Ball Z: Doragon bôru zetto,8.8,"['Animation', 'Action', 'Adventure']",1989–1996,24m,"The adventures of Earth's martial arts defender, Son Goku, continue with a new family and the revelation of his alien origins. Now Goku and his allies must defend the planet from an onslaught of new extraterrestrial enemies.","['Jôji Yanami', 'Kyle Hebert', 'Masako Nozawa']",TV-PG,Japan
Dragon Ball Z,,8.8,"['Animation', 'Action', 'Adventure']",1989–1996,24m,"With the help of the powerful Dragonballs, a team of fighters led by the saiyan warrior Goku defend the planet earth from extraterrestrial enemies.","['Doc Harris', 'Christopher Sabat', 'Scott McNeil']",TV-PG,Japan
South Park,,8.7,"['Animation', 'Comedy']",1997– ,22m,"Follows the misadventures of four irreverent grade-schoolers in the quiet, dysfunctional town of South Park, Colorado.","['Trey Parker', 'Matt Stone', 'Isaac Hayes']",TV-14,United States
Chappelle's Show,,8.8,"['Comedy', 'Music']",2003–2006,22m,Comedian Dave Chappelle hosts this sketch-comedy show that parodies many of the nuances of race and culture.,"['Dave Chappelle', 'Donnell Rawlings', 'Rudy Rush']",TV-MA,United States
Black Mirror,,8.8,"['Drama', 'Mystery', 'Sci-Fi']",2011–2019,1h,"An anthology series exploring a twisted, high-tech multiverse where humanity's greatest innovations and darkest instincts collide.","['Daniel Lapaine', 'Hannah John-Kamen', 'Michaela Coel']",TV-MA,United Kingdom
Narcos,,8.8,"['Biography', 'Crime', 'Drama']",2015–2017,49m,"A chronicled look at the criminal exploits of Colombian drug lord Pablo Escobar, as well as the many other drug kingpins who plagued the country through the years.","['Carlo Bernard', 'Chris Brancato', 'Doug Miro', 'Pedro Pascal', 'Wagner Moura', 'Boyd Holbrook']",TV-MA,United States
BoJack Horseman,,8.8,"['Animation', 'Comedy', 'Drama']",2014–2020,25m,"BoJack Horseman was the star of the hit television show ""Horsin' Around"" in the '80s and '90s, but now he's washed up, living in Hollywood, complaining about everything, and wearing colorful sweaters.","['Will Arnett', 'Amy Sedaris', 'Alison Brie']",TV-MA,United States
Twin Peaks,,8.8,"['Crime', 'Drama', 'Mystery']",1990–1991,47m,An idiosyncratic FBI agent investigates the murder of a young woman in the even more idiosyncratic town of Twin Peaks.,"['Kyle MacLachlan', 'Michael Ontkean', 'Mädchen Amick']",TV-MA,United States
Pride and Prejudice,,8.8,"['Drama', 'Romance']",1995,5h 27m,"While the arrival of wealthy gentlemen sends her marriage-minded mother into a frenzy, willful and opinionated Elizabeth Bennet matches wits with haughty Mr. Darcy.","['Colin Firth', 'Jennifer Ehle', 'Susannah Harker']",TV-PG,United Kingdom
Freaks and Geeks,,8.8,"['Comedy', 'Drama']",1999–2000,44m,A high school mathlete starts hanging out with a group of burnouts while her younger brother navigates his freshman year.,"['Linda Cardellini', 'John Francis Daley', 'James Franco']",TV-14,United States
Blackadder Goes Forth,,8.8,"['Comedy', 'War']",1989,2h 55m,"Stuck in the middle of World War I, Captain Edmund Blackadder does his best to escape the banality of the war.","['Rowan Atkinson', 'Tony Robinson', 'Stephen Fry']",TV-PG,United Kingdom
Leyla and Mecnun,Original title: Leyla ile Mecnun,9.1,"['Adventure', 'Comedy', 'Drama']",2011–2023,1h 20m,"Turkish television comedy series set in Istanbul, Leyla and Mecnun is a surreal and absurd comedy that revolves around the fictional love story between Leyla and Mecnun.","['Ali Atay', 'Ahmet Mümtaz Taylan', 'Cengiz Bozkurt']",TV-PG,Turkey
Fawlty Towers,,8.8,['Comedy'],1975–1979,30m,"Hotel owner Basil Fawlty's incompetence, short fuse, and arrogance form a combination that ensures accidents and trouble are never far away.","['John Cleese', 'Prunella Scales', 'Andrew Sachs']",TV-PG,United Kingdom
Curb Your Enthusiasm,,8.8,['Comedy'],2000– ,28m,The life and times of Larry David and the predicaments he gets himself into with his friends and complete strangers.,"['Larry David', 'Cheryl Hines', 'Jeff Garlin']",TV-MA,United States
The West Wing,,8.9,['Drama'],1999–2006,44m,Inside the lives of staffers in the West Wing of the White House.,"['Martin Sheen', 'Rob Lowe', 'Allison Janney']",TV-14,United States
Succession,,8.8,"['Comedy', 'Drama']",2018–2023,1h,"The Roy family is known for controlling the biggest media and entertainment company in the world. However, their world changes when their father steps down from the company.","['Nicholas Braun', 'Brian Cox', 'Kieran Culkin']",TV-MA,United States
As If,Original title: Gibi,9.0,['Comedy'],2021– ,,Yilmaz and Ilkkan are two friends who are constantly fighting each other. Their greatest feature is always being able to do something that will turn their ordinary lives upside down.,"['Feyyaz Yigit', 'Kivanç Kilinç', 'Ahmet Kürsat Öçalan']",,Turkey
Das Boot,,8.8,"['Drama', 'War']",1985,4h 53m,A World War II German U-Boat crew have a terrifying patrol mission in the early days of the war.,"['Jürgen Prochnow', 'Herbert Grönemeyer', 'Klaus Wennemann']",TV-MA,West Germany
Taskmaster,,9.0,"['Comedy', 'Game-Show']",2015– ,47m,"Five comedians are set tasks challenging their creativity and wit. The tasks are supervised by Alex Horne but the Taskmaster, Greg Davies, always has the final word.","['Greg Davies', 'Alex Horne', 'Kerry Godliman']",TV-14,United Kingdom
Monty Python's Flying Circus,,8.8,['Comedy'],1969–1974,30m,The original surreal sketch comedy showcase for the Monty Python troupe.,"['Graham Chapman', 'Eric Idle', 'Terry Jones', 'Graham Chapman', 'John Cleese', 'Terry Gilliam']",TV-14,United Kingdom
It's Always Sunny in Philadelphia,,8.8,['Comedy'],2005– ,22m,Five friends with big egos and small brains are the proprietors of an Irish pub in Philadelphia.,"['Charlie Day', 'Rob McElhenney', 'Kaitlin Olson']",TV-MA,United States
The Last of Us,,8.9,"['Action', 'Adventure', 'Drama']",2023– ,50m,"After a global pandemic destroys civilization, a hardened survivor takes charge of a 14-year-old girl who may be humanity's last hope.","['Pedro Pascal', 'Bella Ramsey', 'Anna Torv']",TV-MA,Canada
TVF Pitchers,,9.1,"['Comedy', 'Drama']",2015–2022,40m,A story of trials and tribulations of four young entrepreneurs who quit their day jobs in order to pursue their start up venture.,"['Naveen Kasturia', 'Arunabh Kumar', 'Abhay Mahajan']",TV-MA,India
Africa,,8.9,['Documentary'],2013,6h,"Africa, the world's wildest continent. David Attenborough takes us on an awe-inspiring journey through one of the most diverse places in the world. We visit deserts, savannas, and jungles and meet up with some of Africa's amazing wildlife.","['David Attenborough', 'Simon Blakeney', 'Mark Deeble']",TV-PG,United Kingdom
Death Note,Original title: Death Note: Desu nôto,9.0,"['Animation', 'Crime', 'Drama']",2006–2007,23m,An intelligent high school student goes on a secret crusade to eliminate criminals from the world after discovering a notebook capable of killing anyone whose name is written into it.,"['Mamoru Miyano', 'Brad Swaile', 'Vincent Tong']",TV-14,Japan
Only Fools and Horses,Original title: Only Fools and Horses....,9.0,['Comedy'],1981–2003,1h 35m,Comedy that follows two brothers from London's rough Peckham estate as they wheel and deal through a number of dodgy deals and search for the big score that'll make them millionaires.,"['David Jason', 'Nicholas Lyndhurst', 'Roger Lloyd Pack']",TV-PG,United Kingdom
Clarkson's Farm,,9.0,"['Documentary', 'Comedy', 'Reality-TV']",2021– ,45m,Follow Jeremy Clarkson as he attempts to run a farm in the countryside.,"['Jeremy Clarkson', 'Kaleb Cooper', 'Charlie Ireland']",TV-PG,United Kingdom
Better Call Saul,,8.9,"['Crime', 'Drama']",2015–2022,46m,The trials and tribulations of criminal lawyer Jimmy McGill in the years leading up to his fateful run-in with Walter White and Jesse Pinkman.,"['Bob Odenkirk', 'Rhea Seehorn', 'Jonathan Banks']",TV-MA,United States
Firefly,,9.0,"['Adventure', 'Drama', 'Sci-Fi']",2002–2003,44m,"Five hundred years in the future, a renegade crew aboard a small spacecraft tries to survive as they travel the unknown parts of the galaxy and evade warring factions as well as authority agents out to get them.","['Nathan Fillion', 'Gina Torres', 'Alan Tudyk']",TV-14,United States
Frozen Planet,,9.0,['Documentary'],2011–2012,5h 33m,Focuses on life and the environment in both the Arctic and Antarctic.,"['David Attenborough', 'Alec Baldwin', 'Chadden Hunter']",TV-PG,United Kingdom
Human Planet,,9.0,['Documentary'],2011,50m,A cinematic experience bringing you the most amazing human stories in the world. Humans and wildlife surviving in the most extreme environments on Earth,[],TV-PG,United Kingdom
The Blue Planet,,9.0,['Documentary'],2001,6h 29m,"Mammoth series, five years in the making, taking a look at the rich tapestry of life in the world's oceans.",[],TV-G,United Kingdom
The Office,,9.0,['Comedy'],2005–2013,22m,"A mockumentary on a group of typical office workers, where the workday consists of ego clashes, inappropriate behavior, and tedium.","['Steve Carell', 'Jenna Fischer', 'John Krasinski']",TV-14,United States
Arcane,Original title: Arcane: League of Legends,9.0,"['Animation', 'Action', 'Adventure']",2021– ,41m,"Set in Utopian Piltover and the oppressed underground of Zaun, the story follows the origins of two iconic League Of Legends champions and the power that will tear them apart.","['Hailee Steinfeld', 'Kevin Alejandro', 'Jason Spisak']",TV-14,United States
Attack on Titan,Original title: Shingeki no Kyojin,9.0,"['Animation', 'Action', 'Adventure']",2013–2023,24m,"After his hometown is destroyed and his mother is killed, young Eren Jaeger vows to cleanse the earth of the giant humanoid Titans that have brought humanity to the brink of extinction.","['Josh Grelle', 'Bryce Papenbrook', 'Yûki Kaji']",TV-MA,Japan
The Vietnam War,,9.1,"['Documentary', 'History', 'War']",2017,16h 30m,A comprehensive history of the United States' involvement in the bitterly divisive armed conflict in Southeast Asia.,"['Peter Coyote', 'Huy Duc', 'James Willbanks']",TV-MA,United States
Bluey,,9.5,"['Animation', 'Family']",2018– ,7m,The slice-of-life adventures of an Australian Blue Heeler Cattle Dog puppy as she has fun with her family and friends in everyday situations.,"['David McCormack', 'Melanie Zanetti', 'Rico Romaniuk']",TV-Y,Australia
Scam 1992: The Harshad Mehta Story,,9.3,"['Biography', 'Crime', 'Drama']",2020,54m,"Set in 1980s and '90s Bombay, it follows the life of Harshad Mehta, a stockbroker who took the stock market to dizzying heights and his catastrophic downfall.","['Pratik Gandhi', 'Shreya Dhanwanthary', 'Hemant Kher']",TV-14,India
Sherlock,,9.1,"['Crime', 'Drama', 'Mystery']",2010–2017,1h 28m,A modern update finds the famous sleuth and his doctor partner solving crime in 21st-century London.,"['Benedict Cumberbatch', 'Martin Freeman', 'Una Stubbs']",TV-14,United Kingdom
The Last Dance,,9.1,"['Documentary', 'Biography', 'History']",2020,8h 11m,"Charting the rise of the 1990s Chicago Bulls, led by Michael Jordan, one of the most notable dynasties in sports history.","['Michael Jordan', 'Phil Jackson', 'Scottie Pippen']",TV-MA,United States
Life,,9.1,['Documentary'],2009,7h 53m,David Attenborough's legendary BBC crew explains and shows wildlife all over planet earth. From giving an overview of the challenges facing life to hunting the deep sea and various major evolutionary groups of creatures.,"['Oprah Winfrey', 'David Attenborough', 'Doug Allan']",TV-G,United Kingdom
The Twilight Zone,,9.1,"['Drama', 'Fantasy', 'Horror']",1959–1964,51m,"Ordinary people find themselves in extraordinarily astounding situations, which they each try to solve in a remarkable manner.","['Rod Serling', 'Robert McCord', 'Jay Overholts']",TV-PG,United States
Rick and Morty,,9.1,"['Animation', 'Adventure', 'Comedy']",2013– ,23m,An animated series that follows the exploits of a super scientist and his not-so-bright grandson.,"['Justin Roiland', 'Chris Parnell', 'Spencer Grammer']",TV-14,United States
Batman: The Animated Series,,9.0,"['Animation', 'Action', 'Adventure']",1992–1995,23m,The Dark Knight battles crime in Gotham City with occasional help from Robin and Batgirl.,"['Bob Kane', 'Eric Radomski', 'Bruce Timm', 'Kevin Conroy', 'Loren Lester', 'Efrem Zimbalist Jr.']",TV-PG,United States
Fullmetal Alchemist: Brotherhood,Original title: Hagane no renkinjutsushi,9.1,"['Animation', 'Action', 'Adventure']",2009–2010,24m,Two brothers search for a Philosopher's Stone after an attempt to revive their deceased mother goes awry and leaves them in damaged physical forms.,"['Kent Williams', 'Iemasa Kayumi', 'Matthew Leonhart']",TV-14,Japan
Our Planet,,9.3,['Documentary'],2019,6h 43m,"Documentary series focusing on the breadth of the diversity of habitats around the world, from the remote Arctic wilderness and mysterious deep oceans to the vast landscapes of Africa and diverse jungles of South America.",[],TV-G,United States
Game of Thrones,,9.2,"['Action', 'Adventure', 'Drama']",2011–2019,57m,"Nine noble families fight for control over the lands of Westeros, while an ancient enemy returns after being dormant for millennia.","['Emilia Clarke', 'Peter Dinklage', 'Kit Harington']",TV-MA,United States
Cosmos,,9.3,['Documentary'],1980,13h,Astronomer Carl Sagan leads us on an engaging guided tour of the various elements and cosmological theories of the universe.,"['Carl Sagan', 'Jaromír Hanzlík', 'Jonathan Fahn']",TV-PG,United States
The World at War,,9.2,"['Documentary', 'History', 'War']",1973–1974,52m,"A groundbreaking 26-part documentary series narrated by the actor Laurence Olivier about the deadliest conflict in history, World War II.","['Laurence Olivier', 'Averell Harriman', 'Albert Speer']",TV-PG,United Kingdom
Cosmos: A Spacetime Odyssey,,9.3,['Documentary'],2014,9h 17m,An exploration of our discovery of the laws of nature and coordinates in space and time.,"['Neil deGrasse Tyson', 'Christopher Emerson', 'Keythe Farley']",TV-PG,United States
Blue Planet II,,9.3,['Documentary'],2017,6h 4m,"David Attenborough returns to the world's oceans in this sequel to the acclaimed documentary filming rare and unusual creatures of the deep, as well as documenting the problems our oceans face.","['David Attenborough', 'Peter Drost', 'Roger Munns']",TV-G,United Kingdom
The Sopranos,,9.2,"['Crime', 'Drama']",1999–2007,55m,"New Jersey mob boss Tony Soprano deals with personal and professional issues in his home and business life that affect his mental state, leading him to seek professional psychiatric counseling.","['James Gandolfini', 'Lorraine Bracco', 'Edie Falco']",TV-MA,United States
Avatar: The Last Airbender,,9.3,"['Animation', 'Action', 'Adventure']",2005–2008,23m,"In a war-torn world of elemental magic, a young boy reawakens to undertake a dangerous mystic quest to fulfill his destiny as the Avatar, and bring peace to the world.","['Dee Bradley Baker', 'Zach Tyler Eisen', 'Mae Whitman']",TV-Y7-FV,United States
Chernobyl,,9.4,"['Drama', 'History', 'Thriller']",2019,5h 30m,"In April 1986, an explosion at the Chernobyl nuclear power plant in the Union of Soviet Socialist Republics becomes one of the world's worst man-made catastrophes.","['Jessie Buckley', 'Jared Harris', 'Stellan Skarsgård']",TV-MA,United States
The Wire,,9.3,"['Crime', 'Drama', 'Thriller']",2002–2008,59m,"The Baltimore drug scene, as seen through the eyes of drug dealers and law enforcement.","['Dominic West', 'Lance Reddick', 'Sonja Sohn']",TV-MA,United States
Band of Brothers,,9.4,"['Drama', 'History', 'War']",2001,9h 54m,"The story of Easy Company of the U.S. Army 101st Airborne Division and their mission in World War II Europe, from Operation Overlord to V-J Day.","['Scott Grimes', 'Damian Lewis', 'Ron Livingston']",TV-MA,United Kingdom
Planet Earth,,9.4,['Documentary'],2006,8h 58m,"A documentary series on the wildlife found on Earth. Each episode covers a different habitat: deserts, mountains, deep oceans, shallow seas, forests, caves, polar regions, fresh water, plains and jungles. Narrated by David Attenborough.","['Sigourney Weaver', 'David Attenborough', 'Nikolay Drozdov']",TV-PG,United Kingdom
Breaking Bad,,9.5,"['Crime', 'Drama', 'Thriller']",2008–2013,49m,A chemistry teacher diagnosed with inoperable lung cancer turns to manufacturing and selling methamphetamine with a former student in order to secure his family's future.,"['Bryan Cranston', 'Aaron Paul', 'Anna Gunn']",TV-MA,United States
